ProjectID,ProjectName,EmployeeID,StartDate,EndDate
301,Project_301,112,2019-01-23,2023-09-20
302,Project_302,110,2022-06-25,2023-12-18
303,Project_303,113,2018-05-28,2023-08-04
304,Project_304,110,2020-12-17,2023-11-16
305,Project_305,103,2022-07-09,2023-11-15
306,Project_306,129,2021-06-26,2023-12-18
307,Project_307,125,2022-07-12,2023-11-04
308,Project_308,124,2022-06-15,2023-08-26
309,Project_309,104,2019-05-22,2023-07-09
310,Project_310,117,2018-12-26,2023-12-10
311,Project_311,105,2019-02-13,2023-06-29
312,Project_312,117,2021-09-28,2023-10-16
313,Project_313,101,2022-10-25,2023-11-12
314,Project_314,126,2021-03-08,2023-07-05
315,Project_315,122,2019-12-30,2023-12-30
316,Project_316,128,2022-04-11,2023-11-06
317,Project_317,126,2019-12-11,2023-09-10
318,Project_318,109,2019-07-30,2023-06-24
319,Project_319,121,2020-12-20,2023-08-12
320,Project_320,110,2021-12-11,2023-08-09
321,Project_321,113,2018-10-07,2023-06-19
322,Project_322,121,2020-03-16,2023-06-07
323,Project_323,122,2021-02-25,2023-09-21
324,Project_324,116,2021-03-21,2023-11-07
325,Project_325,103,2022-05-31,2023-09-13
326,Project_326,101,2019-02-03,2023-10-29
327,Project_327,126,2022-06-05,2023-11-14
328,Project_328,126,2018-04-05,2023-06-26
329,Project_329,115,2021-01-01,2023-08-11
330,Project_330,108,2020-11-11,2023-08-08
